{
    "notes": [
        {
            "name": "C", 
			"file": "re.wav",
            "pitch": 0.8909, 
            "loop": [41230, 45136], 
            "rect": [
                94, 96.96, 40.803, 222.044
            ]
        }, 
        {
            "name": "C#", 
			"file": "re.wav",
            "pitch": 0.94387, 
            "loop": [41230, 45136], 
            "rect": [
                115, 96.96, 27.7, 146.560
            ]
        }, 
        {
            "name": "D", 
			"file": "re.wav",
            "pitch": 1.0, 
            "loop": [41230, 45136], 
            "rect": [
                136, 96.96, 40.803, 222.044
            ]
        }, 
        {
            "name": "D#", 
			"file": "re.wav",
            "pitch": 1.059463, 
            "loop": [41230, 45136], 
            "rect": [
                168.224, 96.96, 27.7, 146.560
            ]
        }, 
        {
            "name": "E", 
			"file": "re.wav",
            "pitch": 1.12246, 
            "loop": [41230, 45136], 
            "rect": [
                177, 96.96, 40.803, 222.044
            ]
        }, 
        {
            "name": "F", 
			"file": "sol.wav",
            "pitch": 0.8909, 
            "loop": [61574, 65962], 
            "rect": [
                219, 96.96, 40.803, 222.044
            ]
        }, 
        {
            "name": "F#", 
			"file": "sol.wav",
            "pitch": 0.94387, 
            "loop": [61574, 65962], 
            "rect": [
                240.224, 96.96, 26.932, 144.883
            ]
        },
        {
            "name": "G", 
			"file": "sol.wav",
            "pitch": 1.0, 
            "loop": [61574, 65962], 
            "rect": [
                261, 96.96, 40.803, 222.044
            ]
        }, 
        {
            "name": "G#", 
			"file": "sol.wav",
            "pitch": 1.059463, 
            "loop": [61574, 65962], 
            "rect": [
                287, 96.96, 27.081, 147.360
            ]
        }, 
        {
            "name": "A", 
			"file": "sol.wav",
            "pitch": 1.12246, 
            "loop": [61574, 65962], 
            "rect": [
                303, 96.96, 40.803, 222.044
            ]
        }, 
        {
            "name": "A#", 
			"file": "sol.wav",
            "pitch": 1.18921, 
            "loop": [61574, 65962], 
            "rect": [
                335.024, 96.96, 27.081, 147.360
            ]
        }, 
        {
            "name": "B", 
			"file": "sol.wav",
            "pitch": 1.25992, 
            "loop": [61574, 65962], 
            "rect": [
                345, 96.96, 40.803, 222.044
            ]
        }
   ]
}